{
  "train_accuracy": 0.77375,
  "test_accuracy": 0.7983333333333333,
  "classification_report": {
    "0": {
      "precision": 0.8192771084337349,
      "recall": 0.7765089722675367,
      "f1-score": 0.7973199329983249,
      "support": 613.0
    },
    "1": {
      "precision": 0.778675282714055,
      "recall": 0.8211243611584327,
      "f1-score": 0.7993366500829188,
      "support": 587.0
    },
    "accuracy": 0.7983333333333333,
    "macro avg": {
      "precision": 0.798976195573895,
      "recall": 0.7988166667129847,
      "f1-score": 0.7983282915406218,
      "support": 1200.0
    },
    "weighted avg": {
      "precision": 0.7994160486858581,
      "recall": 0.7983333333333333,
      "f1-score": 0.7983064437722054,
      "support": 1200.0
    }
  }
}